
-- ----------------------------
-- 请仅在下面的数据库链接中执行该脚本。
-- 主数据源 [localhost:5432/zzdemo-single]
-- ----------------------------


-- ----------------------------
-- 全部菜单数据
-- ----------------------------
BEGIN;
INSERT INTO "zz_sys_menu" VALUES(1495250233494343681,NULL,'系统管理',0,NULL,NULL,NULL,1,NULL,1495250233473372160,NOW(),1495250233473372160,NOW());
INSERT INTO "zz_sys_menu" VALUES(1495250233502732288,1495250233494343681,'用户管理',1,'formSysUser',NULL,NULL,100,NULL,1495250233473372160,NOW(),1495250233473372160,NOW());
INSERT INTO "zz_sys_menu" VALUES(1495251349346979869,1495250233502732288,'显示',3,NULL,NULL,NULL,1,NULL,1495250233473372160,NOW(),1495250233473372160,NOW());
INSERT INTO "zz_sys_menu" VALUES(1495251349346979870,1495250233502732288,'新增',3,NULL,NULL,NULL,2,NULL,1495250233473372160,NOW(),1495250233473372160,NOW());
INSERT INTO "zz_sys_menu" VALUES(1495251349346979871,1495250233502732288,'编辑',3,NULL,NULL,NULL,3,NULL,1495250233473372160,NOW(),1495250233473372160,NOW());
INSERT INTO "zz_sys_menu" VALUES(1495251349346979872,1495250233502732288,'删除',3,NULL,NULL,NULL,4,NULL,1495250233473372160,NOW(),1495250233473372160,NOW());
INSERT INTO "zz_sys_menu" VALUES(1495251349346979873,1495250233502732288,'重置密码',3,NULL,NULL,NULL,5,NULL,1495250233473372160,NOW(),1495250233473372160,NOW());
INSERT INTO "zz_sys_menu" VALUES(1495251349346979874,1495250233502732288,'权限详情',3,NULL,NULL,NULL,6,NULL,1495250233473372160,NOW(),1495250233473372160,NOW());
INSERT INTO "zz_sys_menu" VALUES(1495250233502732289,1495250233494343681,'部门管理',1,'formSysDept',NULL,NULL,105,NULL,1495250233473372160,NOW(),1495250233473372160,NOW());
INSERT INTO "zz_sys_menu" VALUES(1495251349346979883,1495250233502732289,'显示',3,NULL,NULL,NULL,1,NULL,1495250233473372160,NOW(),1495250233473372160,NOW());
INSERT INTO "zz_sys_menu" VALUES(1495251349346979884,1495250233502732289,'新增',3,NULL,NULL,NULL,2,NULL,1495250233473372160,NOW(),1495250233473372160,NOW());
INSERT INTO "zz_sys_menu" VALUES(1495251349346979885,1495250233502732289,'编辑',3,NULL,NULL,NULL,3,NULL,1495250233473372160,NOW(),1495250233473372160,NOW());
INSERT INTO "zz_sys_menu" VALUES(1495251349346979886,1495250233502732289,'删除',3,NULL,NULL,NULL,4,NULL,1495250233473372160,NOW(),1495250233473372160,NOW());
INSERT INTO "zz_sys_menu" VALUES(1495250233502732290,1495250233494343681,'角色管理',1,'formSysRole',NULL,NULL,110,NULL,1495250233473372160,NOW(),1495250233473372160,NOW());
INSERT INTO "zz_sys_menu" VALUES(1495251349346979893,1495250233502732290,'角色管理',2,NULL,NULL,NULL,1,NULL,1495250233473372160,NOW(),1495250233473372160,NOW());
INSERT INTO "zz_sys_menu" VALUES(1495251349346979894,1495250233502732290,'用户授权',2,NULL,NULL,NULL,2,NULL,1495250233473372160,NOW(),1495250233473372160,NOW());
INSERT INTO "zz_sys_menu" VALUES(1495251349346979895,1495251349346979893,'显示',3,NULL,NULL,NULL,1,NULL,1495250233473372160,NOW(),1495250233473372160,NOW());
INSERT INTO "zz_sys_menu" VALUES(1495251349346979896,1495251349346979893,'新增',3,NULL,NULL,NULL,2,NULL,1495250233473372160,NOW(),1495250233473372160,NOW());
INSERT INTO "zz_sys_menu" VALUES(1495251349346979897,1495251349346979893,'编辑',3,NULL,NULL,NULL,3,NULL,1495250233473372160,NOW(),1495250233473372160,NOW());
INSERT INTO "zz_sys_menu" VALUES(1495251349346979898,1495251349346979893,'删除',3,NULL,NULL,NULL,4,NULL,1495250233473372160,NOW(),1495250233473372160,NOW());
INSERT INTO "zz_sys_menu" VALUES(1495251349346979899,1495251349346979893,'权限详情',3,NULL,NULL,NULL,5,NULL,1495250233473372160,NOW(),1495250233473372160,NOW());
INSERT INTO "zz_sys_menu" VALUES(1495251349346979900,1495251349346979894,'显示',3,NULL,NULL,NULL,1,NULL,1495250233473372160,NOW(),1495250233473372160,NOW());
INSERT INTO "zz_sys_menu" VALUES(1495251349346979901,1495251349346979894,'授权用户',3,NULL,NULL,NULL,2,NULL,1495250233473372160,NOW(),1495250233473372160,NOW());
INSERT INTO "zz_sys_menu" VALUES(1495251349346979902,1495251349346979894,'移除用户',3,NULL,NULL,NULL,3,NULL,1495250233473372160,NOW(),1495250233473372160,NOW());
INSERT INTO "zz_sys_menu" VALUES(1495250233502732291,1495250233494343681,'数据权限管理',1,'formSysDataPerm',NULL,NULL,115,NULL,1495250233473372160,NOW(),1495250233473372160,NOW());
INSERT INTO "zz_sys_menu" VALUES(1495251349346979913,1495250233502732291,'数据权限管理',2,NULL,NULL,NULL,1,NULL,1495250233473372160,NOW(),1495250233473372160,NOW());
INSERT INTO "zz_sys_menu" VALUES(1495251349346979914,1495250233502732291,'用户授权',2,NULL,NULL,NULL,2,NULL,1495250233473372160,NOW(),1495250233473372160,NOW());
INSERT INTO "zz_sys_menu" VALUES(1495251349346979915,1495251349346979913,'显示',3,NULL,NULL,NULL,1,NULL,1495250233473372160,NOW(),1495250233473372160,NOW());
INSERT INTO "zz_sys_menu" VALUES(1495251349346979916,1495251349346979913,'新增',3,NULL,NULL,NULL,2,NULL,1495250233473372160,NOW(),1495250233473372160,NOW());
INSERT INTO "zz_sys_menu" VALUES(1495251349346979917,1495251349346979913,'编辑',3,NULL,NULL,NULL,3,NULL,1495250233473372160,NOW(),1495250233473372160,NOW());
INSERT INTO "zz_sys_menu" VALUES(1495251349346979918,1495251349346979913,'删除',3,NULL,NULL,NULL,4,NULL,1495250233473372160,NOW(),1495250233473372160,NOW());
INSERT INTO "zz_sys_menu" VALUES(1495251349346979919,1495251349346979914,'显示',3,NULL,NULL,NULL,1,NULL,1495250233473372160,NOW(),1495250233473372160,NOW());
INSERT INTO "zz_sys_menu" VALUES(1495251349346979920,1495251349346979914,'授权用户',3,NULL,NULL,NULL,2,NULL,1495250233473372160,NOW(),1495250233473372160,NOW());
INSERT INTO "zz_sys_menu" VALUES(1495251349346979921,1495251349346979914,'移除用户',3,NULL,NULL,NULL,3,NULL,1495250233473372160,NOW(),1495250233473372160,NOW());
INSERT INTO "zz_sys_menu" VALUES(1495250233502732292,1495250233494343681,'菜单管理',1,'formSysMenu',NULL,NULL,120,NULL,1495250233473372160,NOW(),1495250233473372160,NOW());
INSERT INTO "zz_sys_menu" VALUES(1495251349346979931,1495250233502732292,'显示',3,NULL,NULL,NULL,1,NULL,1495250233473372160,NOW(),1495250233473372160,NOW());
INSERT INTO "zz_sys_menu" VALUES(1495251349346979932,1495250233502732292,'新增',3,NULL,NULL,NULL,2,NULL,1495250233473372160,NOW(),1495250233473372160,NOW());
INSERT INTO "zz_sys_menu" VALUES(1495251349346979933,1495250233502732292,'编辑',3,NULL,NULL,NULL,3,NULL,1495250233473372160,NOW(),1495250233473372160,NOW());
INSERT INTO "zz_sys_menu" VALUES(1495251349346979934,1495250233502732292,'删除',3,NULL,NULL,NULL,4,NULL,1495250233473372160,NOW(),1495250233473372160,NOW());
INSERT INTO "zz_sys_menu" VALUES(1495251349346979935,1495250233502732292,'权限详情',3,NULL,NULL,NULL,5,NULL,1495250233473372160,NOW(),1495250233473372160,NOW());
INSERT INTO "zz_sys_menu" VALUES(1495250233502732293,1495250233494343681,'权限字管理',1,'formSysPermCode',NULL,NULL,125,NULL,1495250233473372160,NOW(),1495250233473372160,NOW());
INSERT INTO "zz_sys_menu" VALUES(1495251349346979943,1495250233502732293,'显示',3,NULL,NULL,NULL,1,NULL,1495250233473372160,NOW(),1495250233473372160,NOW());
INSERT INTO "zz_sys_menu" VALUES(1495251349346979944,1495250233502732293,'新增',3,NULL,NULL,NULL,2,NULL,1495250233473372160,NOW(),1495250233473372160,NOW());
INSERT INTO "zz_sys_menu" VALUES(1495251349346979945,1495250233502732293,'编辑',3,NULL,NULL,NULL,3,NULL,1495250233473372160,NOW(),1495250233473372160,NOW());
INSERT INTO "zz_sys_menu" VALUES(1495251349346979946,1495250233502732293,'删除',3,NULL,NULL,NULL,4,NULL,1495250233473372160,NOW(),1495250233473372160,NOW());
INSERT INTO "zz_sys_menu" VALUES(1495251349346979947,1495250233502732293,'权限详情',3,NULL,NULL,NULL,5,NULL,1495250233473372160,NOW(),1495250233473372160,NOW());
INSERT INTO "zz_sys_menu" VALUES(1495250233502732294,1495250233494343681,'权限管理',1,'formSysPerm',NULL,NULL,130,NULL,1495250233473372160,NOW(),1495250233473372160,NOW());
INSERT INTO "zz_sys_menu" VALUES(1495251349346979955,1495250233502732294,'显示',3,NULL,NULL,NULL,1,NULL,1495250233473372160,NOW(),1495250233473372160,NOW());
INSERT INTO "zz_sys_menu" VALUES(1495251349346979956,1495250233502732294,'新增模块',3,NULL,NULL,NULL,2,NULL,1495250233473372160,NOW(),1495250233473372160,NOW());
INSERT INTO "zz_sys_menu" VALUES(1495251349346979957,1495250233502732294,'编辑模块',3,NULL,NULL,NULL,3,NULL,1495250233473372160,NOW(),1495250233473372160,NOW());
INSERT INTO "zz_sys_menu" VALUES(1495251349346979958,1495250233502732294,'删除模块',3,NULL,NULL,NULL,4,NULL,1495250233473372160,NOW(),1495250233473372160,NOW());
INSERT INTO "zz_sys_menu" VALUES(1495251349346979959,1495250233502732294,'新增权限',3,NULL,NULL,NULL,5,NULL,1495250233473372160,NOW(),1495250233473372160,NOW());
INSERT INTO "zz_sys_menu" VALUES(1495251349346979960,1495250233502732294,'编辑权限',3,NULL,NULL,NULL,6,NULL,1495250233473372160,NOW(),1495250233473372160,NOW());
INSERT INTO "zz_sys_menu" VALUES(1495251349346979961,1495250233502732294,'删除权限',3,NULL,NULL,NULL,7,NULL,1495250233473372160,NOW(),1495250233473372160,NOW());
INSERT INTO "zz_sys_menu" VALUES(1495251349346979962,1495250233502732294,'权限详情',3,NULL,NULL,NULL,8,NULL,1495250233473372160,NOW(),1495250233473372160,NOW());
INSERT INTO "zz_sys_menu" VALUES(1495250233502732295,1495250233494343681,'字典管理',1,'formSysDict',NULL,NULL,135,NULL,1495250233473372160,NOW(),1495250233473372160,NOW());
INSERT INTO "zz_sys_menu" VALUES(1495251349346979973,1495250233502732295,'显示',3,NULL,NULL,NULL,1,NULL,1495250233473372160,NOW(),1495250233473372160,NOW());
INSERT INTO "zz_sys_menu" VALUES(1495251349346979974,1495250233502732295,'新增',3,NULL,NULL,NULL,2,NULL,1495250233473372160,NOW(),1495250233473372160,NOW());
INSERT INTO "zz_sys_menu" VALUES(1495251349346979975,1495250233502732295,'编辑',3,NULL,NULL,NULL,3,NULL,1495250233473372160,NOW(),1495250233473372160,NOW());
INSERT INTO "zz_sys_menu" VALUES(1495251349346979976,1495250233502732295,'删除',3,NULL,NULL,NULL,4,NULL,1495250233473372160,NOW(),1495250233473372160,NOW());
INSERT INTO "zz_sys_menu" VALUES(1495251349346979977,1495250233502732295,'同步缓存',3,NULL,NULL,NULL,5,NULL,1495250233473372160,NOW(),1495250233473372160,NOW());
INSERT INTO "zz_sys_menu" VALUES(1495250233502732296,1495250233494343681,'操作日志',1,'formSysOperationLog',NULL,NULL,140,NULL,1495250233473372160,NOW(),1495250233473372160,NOW());
INSERT INTO "zz_sys_menu" VALUES(1495251349346979985,1495250233502732296,'显示',3,NULL,NULL,NULL,1,NULL,1495250233473372160,NOW(),1495250233473372160,NOW());
INSERT INTO "zz_sys_menu" VALUES(1495250233502732297,1495250233494343681,'在线用户',1,'formSysLoginUser',NULL,NULL,145,NULL,1495250233473372160,NOW(),1495250233473372160,NOW());
INSERT INTO "zz_sys_menu" VALUES(1495251349346979989,1495250233502732297,'显示',3,NULL,NULL,NULL,1,NULL,1495250233473372160,NOW(),1495250233473372160,NOW());
INSERT INTO "zz_sys_menu" VALUES(1495251349346979990,1495250233502732297,'强制下线',3,NULL,NULL,NULL,2,NULL,1495250233473372160,NOW(),1495250233473372160,NOW());
COMMIT;

-- ----------------------------
-- 全部权限字数据
-- ----------------------------
BEGIN;
INSERT INTO "zz_sys_perm_code" VALUES(1495251349346979936,NULL,'formSysMenu',0,'菜单管理',10600,1495250233473372160,NOW(),1495250233473372160,NOW());
INSERT INTO "zz_sys_perm_code" VALUES(1495251349346979941,1495251349346979937,'formSysMenu:fragmentSysMenu:listSysMenuPermDetail',2,'权限详情',4,1495250233473372160,NOW(),1495250233473372160,NOW());
INSERT INTO "zz_sys_perm_code" VALUES(1495251349346979924,1495251349346979922,'formSysDataPerm:fragmentSysDataPermUser',1,'用户授权',2,1495250233473372160,NOW(),1495250233473372160,NOW());
INSERT INTO "zz_sys_perm_code" VALUES(1495251349346979881,1495251349346979876,'formSysUser:fragmentSysUser:listSysUserPermDetail',2,'权限详情',5,1495250233473372160,NOW(),1495250233473372160,NOW());
INSERT INTO "zz_sys_perm_code" VALUES(1495251349346979908,1495251349346979904,'formSysRole:fragmentSysRole:delete',2,'删除',3,1495250233473372160,NOW(),1495250233473372160,NOW());
INSERT INTO "zz_sys_perm_code" VALUES(1495251349346979948,NULL,'formSysPermCode',0,'权限字管理',10700,1495250233473372160,NOW(),1495250233473372160,NOW());
INSERT INTO "zz_sys_perm_code" VALUES(1495251349346979910,1495251349346979905,'formSysRole:fragmentSysRoleUser:addUserRole',2,'授权用户',1,1495250233473372160,NOW(),1495250233473372160,NOW());
INSERT INTO "zz_sys_perm_code" VALUES(1495251349346979963,NULL,'formSysPerm',0,'权限管理',10800,1495250233473372160,NOW(),1495250233473372160,NOW());
INSERT INTO "zz_sys_perm_code" VALUES(1495251349346979966,1495251349346979964,'formSysPerm:fragmentSysPerm:updatePermModule',2,'编辑模块',2,1495250233473372160,NOW(),1495250233473372160,NOW());
INSERT INTO "zz_sys_perm_code" VALUES(1495251349346979903,NULL,'formSysRole',0,'角色管理',10200,1495250233473372160,NOW(),1495250233473372160,NOW());
INSERT INTO "zz_sys_perm_code" VALUES(1495251349346979929,1495251349346979924,'formSysDataPerm:fragmentSysDataPermUser:deleteDataPermUser',2,'移除用户',2,1495250233473372160,NOW(),1495250233473372160,NOW());
INSERT INTO "zz_sys_perm_code" VALUES(1495251349346979949,1495251349346979948,'formSysPermCode:fragmentSysPermCode',1,'权限字管理',1,1495250233473372160,NOW(),1495250233473372160,NOW());
INSERT INTO "zz_sys_perm_code" VALUES(1495251349346979991,NULL,'formSysLoginUser',0,'在线用户',11200,1495250233473372160,NOW(),1495250233473372160,NOW());
INSERT INTO "zz_sys_perm_code" VALUES(1495251349346979980,1495251349346979979,'formSysDict:fragmentSysDict:add',2,'新增',1,1495250233473372160,NOW(),1495250233473372160,NOW());
INSERT INTO "zz_sys_perm_code" VALUES(1495251349346979982,1495251349346979979,'formSysDict:fragmentSysDict:delete',2,'删除',3,1495250233473372160,NOW(),1495250233473372160,NOW());
INSERT INTO "zz_sys_perm_code" VALUES(1495251349346979877,1495251349346979876,'formSysUser:fragmentSysUser:add',2,'新增',1,1495250233473372160,NOW(),1495250233473372160,NOW());
INSERT INTO "zz_sys_perm_code" VALUES(1495251349346979887,NULL,'formSysDept',0,'部门管理',10100,1495250233473372160,NOW(),1495250233473372160,NOW());
INSERT INTO "zz_sys_perm_code" VALUES(1495251349346979983,1495251349346979979,'formSysDict:fragmentSysDict:reloadCache',2,'同步缓存',4,1495250233473372160,NOW(),1495250233473372160,NOW());
INSERT INTO "zz_sys_perm_code" VALUES(1495251349346979950,1495251349346979949,'formSysPermCode:fragmentSysPermCode:add',2,'新增',1,1495250233473372160,NOW(),1495250233473372160,NOW());
INSERT INTO "zz_sys_perm_code" VALUES(1495251349346979875,NULL,'formSysUser',0,'用户管理',10000,1495250233473372160,NOW(),1495250233473372160,NOW());
INSERT INTO "zz_sys_perm_code" VALUES(1495251349346979926,1495251349346979923,'formSysDataPerm:fragmentSysDataPerm:update',2,'编辑',2,1495250233473372160,NOW(),1495250233473372160,NOW());
INSERT INTO "zz_sys_perm_code" VALUES(1495251349346979970,1495251349346979964,'formSysPerm:fragmentSysPerm:deletePerm',2,'删除权限',6,1495250233473372160,NOW(),1495250233473372160,NOW());
INSERT INTO "zz_sys_perm_code" VALUES(1495251349346979951,1495251349346979949,'formSysPermCode:fragmentSysPermCode:update',2,'编辑',2,1495250233473372160,NOW(),1495250233473372160,NOW());
INSERT INTO "zz_sys_perm_code" VALUES(1495251349346979891,1495251349346979888,'formSysDept:fragmentSysDept:delete',2,'删除',3,1495250233473372160,NOW(),1495250233473372160,NOW());
INSERT INTO "zz_sys_perm_code" VALUES(1495251349346979904,1495251349346979903,'formSysRole:fragmentSysRole',1,'角色管理',1,1495250233473372160,NOW(),1495250233473372160,NOW());
INSERT INTO "zz_sys_perm_code" VALUES(1495251349346979927,1495251349346979923,'formSysDataPerm:fragmentSysDataPerm:delete',2,'删除',3,1495250233473372160,NOW(),1495250233473372160,NOW());
INSERT INTO "zz_sys_perm_code" VALUES(1495251349346979969,1495251349346979964,'formSysPerm:fragmentSysPerm:updatePerm',2,'编辑权限',5,1495250233473372160,NOW(),1495250233473372160,NOW());
INSERT INTO "zz_sys_perm_code" VALUES(1495251349346979925,1495251349346979923,'formSysDataPerm:fragmentSysDataPerm:add',2,'新增',1,1495250233473372160,NOW(),1495250233473372160,NOW());
INSERT INTO "zz_sys_perm_code" VALUES(1495251349346979965,1495251349346979964,'formSysPerm:fragmentSysPerm:addPermModule',2,'新增模块',1,1495250233473372160,NOW(),1495250233473372160,NOW());
INSERT INTO "zz_sys_perm_code" VALUES(1495251349346979993,1495251349346979992,'formSysLoginUser:fragmentLoginUser:delete',2,'强制下线',1,1495250233473372160,NOW(),1495250233473372160,NOW());
INSERT INTO "zz_sys_perm_code" VALUES(1495251349346979986,NULL,'formSysOperationLog',0,'操作日志',11100,1495250233473372160,NOW(),1495250233473372160,NOW());
INSERT INTO "zz_sys_perm_code" VALUES(1495251349346979876,1495251349346979875,'formSysUser:fragmentSysUser',1,'用户管理',1,1495250233473372160,NOW(),1495250233473372160,NOW());
INSERT INTO "zz_sys_perm_code" VALUES(1495251349346979953,1495251349346979949,'formSysPermCode:fragmentSysPermCode:listSysPermCodePermDetail',2,'权限详情',4,1495250233473372160,NOW(),1495250233473372160,NOW());
INSERT INTO "zz_sys_perm_code" VALUES(1495251349346979940,1495251349346979937,'formSysMenu:fragmentSysMenu:delete',2,'删除',3,1495250233473372160,NOW(),1495250233473372160,NOW());
INSERT INTO "zz_sys_perm_code" VALUES(1495251349346979911,1495251349346979905,'formSysRole:fragmentSysRoleUser:deleteUserRole',2,'移除用户',2,1495250233473372160,NOW(),1495250233473372160,NOW());
INSERT INTO "zz_sys_perm_code" VALUES(1495251349346979979,1495251349346979978,'formSysDict:fragmentSysDict',1,'字典管理',1,1495250233473372160,NOW(),1495250233473372160,NOW());
INSERT INTO "zz_sys_perm_code" VALUES(1495251349346979878,1495251349346979876,'formSysUser:fragmentSysUser:update',2,'编辑',2,1495250233473372160,NOW(),1495250233473372160,NOW());
INSERT INTO "zz_sys_perm_code" VALUES(1495251349346979923,1495251349346979922,'formSysDataPerm:fragmentSysDataPerm',1,'数据权限管理',1,1495250233473372160,NOW(),1495250233473372160,NOW());
INSERT INTO "zz_sys_perm_code" VALUES(1495251349346979880,1495251349346979876,'formSysUser:fragmentSysUser:resetPassword',2,'重置密码',4,1495250233473372160,NOW(),1495250233473372160,NOW());
INSERT INTO "zz_sys_perm_code" VALUES(1495251349346979978,NULL,'formSysDict',0,'字典管理',10900,1495250233473372160,NOW(),1495250233473372160,NOW());
INSERT INTO "zz_sys_perm_code" VALUES(1495251349346979939,1495251349346979937,'formSysMenu:fragmentSysMenu:update',2,'编辑',2,1495250233473372160,NOW(),1495250233473372160,NOW());
INSERT INTO "zz_sys_perm_code" VALUES(1495251349346979968,1495251349346979964,'formSysPerm:fragmentSysPerm:addPerm',2,'新增权限',4,1495250233473372160,NOW(),1495250233473372160,NOW());
INSERT INTO "zz_sys_perm_code" VALUES(1495251349346979879,1495251349346979876,'formSysUser:fragmentSysUser:delete',2,'删除',3,1495250233473372160,NOW(),1495250233473372160,NOW());
INSERT INTO "zz_sys_perm_code" VALUES(1495251349346979937,1495251349346979936,'formSysMenu:fragmentSysMenu',1,'菜单管理',1,1495250233473372160,NOW(),1495250233473372160,NOW());
INSERT INTO "zz_sys_perm_code" VALUES(1495251349346979981,1495251349346979979,'formSysDict:fragmentSysDict:update',2,'编辑',2,1495250233473372160,NOW(),1495250233473372160,NOW());
INSERT INTO "zz_sys_perm_code" VALUES(1495251349346979889,1495251349346979888,'formSysDept:fragmentSysDept:add',2,'新增',1,1495250233473372160,NOW(),1495250233473372160,NOW());
INSERT INTO "zz_sys_perm_code" VALUES(1495251349346979964,1495251349346979963,'formSysPerm:fragmentSysPerm',1,'权限管理',1,1495250233473372160,NOW(),1495250233473372160,NOW());
INSERT INTO "zz_sys_perm_code" VALUES(1495251349346979905,1495251349346979903,'formSysRole:fragmentSysRoleUser',1,'用户授权',2,1495250233473372160,NOW(),1495250233473372160,NOW());
INSERT INTO "zz_sys_perm_code" VALUES(1495251349346979906,1495251349346979904,'formSysRole:fragmentSysRole:add',2,'新增',1,1495250233473372160,NOW(),1495250233473372160,NOW());
INSERT INTO "zz_sys_perm_code" VALUES(1495251349346979890,1495251349346979888,'formSysDept:fragmentSysDept:update',2,'编辑',2,1495250233473372160,NOW(),1495250233473372160,NOW());
INSERT INTO "zz_sys_perm_code" VALUES(1495251349346979967,1495251349346979964,'formSysPerm:fragmentSysPerm:deletePermModule',2,'删除模块',3,1495250233473372160,NOW(),1495250233473372160,NOW());
INSERT INTO "zz_sys_perm_code" VALUES(1495251349346979971,1495251349346979964,'formSysPerm:fragmentSysPerm:listSysPermPermDetail',2,'权限详情',7,1495250233473372160,NOW(),1495250233473372160,NOW());
INSERT INTO "zz_sys_perm_code" VALUES(1495251349346979922,NULL,'formSysDataPerm',0,'数据权限管理',10400,1495250233473372160,NOW(),1495250233473372160,NOW());
INSERT INTO "zz_sys_perm_code" VALUES(1495251349346979907,1495251349346979904,'formSysRole:fragmentSysRole:update',2,'编辑',2,1495250233473372160,NOW(),1495250233473372160,NOW());
INSERT INTO "zz_sys_perm_code" VALUES(1495251349346979928,1495251349346979924,'formSysDataPerm:fragmentSysDataPermUser:addDataPermUser',2,'授权用户',1,1495250233473372160,NOW(),1495250233473372160,NOW());
INSERT INTO "zz_sys_perm_code" VALUES(1495251349346979909,1495251349346979904,'formSysRole:fragmentSysRole:listSysRolePermDetail',2,'权限详情',4,1495250233473372160,NOW(),1495250233473372160,NOW());
INSERT INTO "zz_sys_perm_code" VALUES(1495251349346979938,1495251349346979937,'formSysMenu:fragmentSysMenu:add',2,'新增',1,1495250233473372160,NOW(),1495250233473372160,NOW());
INSERT INTO "zz_sys_perm_code" VALUES(1495251349346979952,1495251349346979949,'formSysPermCode:fragmentSysPermCode:delete',2,'删除',3,1495250233473372160,NOW(),1495250233473372160,NOW());
INSERT INTO "zz_sys_perm_code" VALUES(1495251349346979987,1495251349346979986,'formSysOperationLog:fragmentSysOperationLog',1,'操作日志',1,1495250233473372160,NOW(),1495250233473372160,NOW());
INSERT INTO "zz_sys_perm_code" VALUES(1495251349346979888,1495251349346979887,'formSysDept:fragmentSysDept',1,'部门管理',1,1495250233473372160,NOW(),1495250233473372160,NOW());
INSERT INTO "zz_sys_perm_code" VALUES(1495251349346979992,1495251349346979991,'formSysLoginUser:fragmentLoginUser',1,'在线用户',1,1495250233473372160,NOW(),1495250233473372160,NOW());
COMMIT;

-- ----------------------------
-- 全部菜单和权限字关系数据
-- ----------------------------
BEGIN;
INSERT INTO "zz_sys_menu_perm_code" VALUES(1495251349346979869,1495251349346979876);
INSERT INTO "zz_sys_menu_perm_code" VALUES(1495251349346979870,1495251349346979877);
INSERT INTO "zz_sys_menu_perm_code" VALUES(1495251349346979871,1495251349346979878);
INSERT INTO "zz_sys_menu_perm_code" VALUES(1495251349346979872,1495251349346979879);
INSERT INTO "zz_sys_menu_perm_code" VALUES(1495251349346979873,1495251349346979880);
INSERT INTO "zz_sys_menu_perm_code" VALUES(1495251349346979874,1495251349346979881);
INSERT INTO "zz_sys_menu_perm_code" VALUES(1495251349346979883,1495251349346979888);
INSERT INTO "zz_sys_menu_perm_code" VALUES(1495251349346979884,1495251349346979889);
INSERT INTO "zz_sys_menu_perm_code" VALUES(1495251349346979885,1495251349346979890);
INSERT INTO "zz_sys_menu_perm_code" VALUES(1495251349346979886,1495251349346979891);
INSERT INTO "zz_sys_menu_perm_code" VALUES(1495251349346979895,1495251349346979904);
INSERT INTO "zz_sys_menu_perm_code" VALUES(1495251349346979900,1495251349346979905);
INSERT INTO "zz_sys_menu_perm_code" VALUES(1495251349346979896,1495251349346979906);
INSERT INTO "zz_sys_menu_perm_code" VALUES(1495251349346979897,1495251349346979907);
INSERT INTO "zz_sys_menu_perm_code" VALUES(1495251349346979898,1495251349346979908);
INSERT INTO "zz_sys_menu_perm_code" VALUES(1495251349346979901,1495251349346979910);
INSERT INTO "zz_sys_menu_perm_code" VALUES(1495251349346979902,1495251349346979911);
INSERT INTO "zz_sys_menu_perm_code" VALUES(1495251349346979899,1495251349346979909);
INSERT INTO "zz_sys_menu_perm_code" VALUES(1495251349346979915,1495251349346979923);
INSERT INTO "zz_sys_menu_perm_code" VALUES(1495251349346979919,1495251349346979924);
INSERT INTO "zz_sys_menu_perm_code" VALUES(1495251349346979916,1495251349346979925);
INSERT INTO "zz_sys_menu_perm_code" VALUES(1495251349346979917,1495251349346979926);
INSERT INTO "zz_sys_menu_perm_code" VALUES(1495251349346979918,1495251349346979927);
INSERT INTO "zz_sys_menu_perm_code" VALUES(1495251349346979920,1495251349346979928);
INSERT INTO "zz_sys_menu_perm_code" VALUES(1495251349346979921,1495251349346979929);
INSERT INTO "zz_sys_menu_perm_code" VALUES(1495251349346979931,1495251349346979937);
INSERT INTO "zz_sys_menu_perm_code" VALUES(1495251349346979933,1495251349346979939);
INSERT INTO "zz_sys_menu_perm_code" VALUES(1495251349346979932,1495251349346979938);
INSERT INTO "zz_sys_menu_perm_code" VALUES(1495251349346979934,1495251349346979940);
INSERT INTO "zz_sys_menu_perm_code" VALUES(1495251349346979935,1495251349346979941);
INSERT INTO "zz_sys_menu_perm_code" VALUES(1495251349346979943,1495251349346979949);
INSERT INTO "zz_sys_menu_perm_code" VALUES(1495251349346979944,1495251349346979950);
INSERT INTO "zz_sys_menu_perm_code" VALUES(1495251349346979945,1495251349346979951);
INSERT INTO "zz_sys_menu_perm_code" VALUES(1495251349346979946,1495251349346979952);
INSERT INTO "zz_sys_menu_perm_code" VALUES(1495251349346979947,1495251349346979953);
INSERT INTO "zz_sys_menu_perm_code" VALUES(1495251349346979955,1495251349346979964);
INSERT INTO "zz_sys_menu_perm_code" VALUES(1495251349346979956,1495251349346979965);
INSERT INTO "zz_sys_menu_perm_code" VALUES(1495251349346979957,1495251349346979966);
INSERT INTO "zz_sys_menu_perm_code" VALUES(1495251349346979958,1495251349346979967);
INSERT INTO "zz_sys_menu_perm_code" VALUES(1495251349346979959,1495251349346979968);
INSERT INTO "zz_sys_menu_perm_code" VALUES(1495251349346979960,1495251349346979969);
INSERT INTO "zz_sys_menu_perm_code" VALUES(1495251349346979961,1495251349346979970);
INSERT INTO "zz_sys_menu_perm_code" VALUES(1495251349346979962,1495251349346979971);
INSERT INTO "zz_sys_menu_perm_code" VALUES(1495250233502732295,1495251349346979979);
INSERT INTO "zz_sys_menu_perm_code" VALUES(1495250233502732295,1495251349346979980);
INSERT INTO "zz_sys_menu_perm_code" VALUES(1495250233502732295,1495251349346979981);
INSERT INTO "zz_sys_menu_perm_code" VALUES(1495250233502732295,1495251349346979982);
INSERT INTO "zz_sys_menu_perm_code" VALUES(1495250233502732295,1495251349346979983);
INSERT INTO "zz_sys_menu_perm_code" VALUES(1495251349346979973,1495251349346979979);
INSERT INTO "zz_sys_menu_perm_code" VALUES(1495251349346979974,1495251349346979980);
INSERT INTO "zz_sys_menu_perm_code" VALUES(1495251349346979975,1495251349346979981);
INSERT INTO "zz_sys_menu_perm_code" VALUES(1495251349346979976,1495251349346979982);
INSERT INTO "zz_sys_menu_perm_code" VALUES(1495251349346979977,1495251349346979983);
INSERT INTO "zz_sys_menu_perm_code" VALUES(1495251349346979985,1495251349346979987);
INSERT INTO "zz_sys_menu_perm_code" VALUES(1495251349346979989,1495251349346979992);
INSERT INTO "zz_sys_menu_perm_code" VALUES(1495251349346979990,1495251349346979993);
COMMIT;

-- ----------------------------
-- 全部权限资源模块数据
-- ----------------------------
BEGIN;
INSERT INTO "zz_sys_perm_module" VALUES(1495250233506926593,NULL,'缺省分组',0,3,1495250233473372160,NOW(),1495250233473372160,NOW());
INSERT INTO "zz_sys_perm_module" VALUES(1495250233506926592,NULL,'系统配置',0,2,1495250233473372160,NOW(),1495250233473372160,NOW());
INSERT INTO "zz_sys_perm_module" VALUES(1495250233481760770,NULL,'用户权限',0,1,1495250233473372160,NOW(),1495250233473372160,NOW());
INSERT INTO "zz_sys_perm_module" VALUES(1495251349346979861,1495250233506926592,'字典管理',0,0,1495250233473372160,NOW(),1495250233473372160,NOW());
INSERT INTO "zz_sys_perm_module" VALUES(1495250233645338624,1495250233481760770,'部门管理',1,0,1495250233473372160,NOW(),1495250233473372160,NOW());
INSERT INTO "zz_sys_perm_module" VALUES(1495250233582424064,1495250233481760770,'用户管理',1,5,1495250233473372160,NOW(),1495250233473372160,NOW());
INSERT INTO "zz_sys_perm_module" VALUES(1495251349342785565,1495250233481760770,'角色管理',1,10,1495250233473372160,NOW(),1495250233473372160,NOW());
INSERT INTO "zz_sys_perm_module" VALUES(1495251349342785577,1495250233481760770,'数据权限管理',1,15,1495250233473372160,NOW(),1495250233473372160,NOW());
INSERT INTO "zz_sys_perm_module" VALUES(1495251349342785587,1495250233481760770,'菜单管理',1,20,1495250233473372160,NOW(),1495250233473372160,NOW());
INSERT INTO "zz_sys_perm_module" VALUES(1495251349342785595,1495250233481760770,'权限字管理',1,25,1495250233473372160,NOW(),1495250233473372160,NOW());
INSERT INTO "zz_sys_perm_module" VALUES(1495251349346979846,1495250233481760770,'权限模块管理',1,30,1495250233473372160,NOW(),1495250233473372160,NOW());
INSERT INTO "zz_sys_perm_module" VALUES(1495251349346979852,1495250233481760770,'权限资源管理',1,35,1495250233473372160,NOW(),1495250233473372160,NOW());
INSERT INTO "zz_sys_perm_module" VALUES(1495251349346979862,1495250233506926592,'操作日志',1,5,1495250233473372160,NOW(),1495250233473372160,NOW());
INSERT INTO "zz_sys_perm_module" VALUES(1495251349346979864,1495250233506926592,'在线用户',1,10,1495250233473372160,NOW(),1495250233473372160,NOW());
COMMIT;

-- ----------------------------
-- 全部权限资源数据
-- ----------------------------
BEGIN;
INSERT INTO "zz_sys_perm" VALUES(1495250233657921536,1495250233645338624,'新增','/admin/upms/sysDept/add',1,1495250233473372160,NOW(),1495250233473372160,NOW());
INSERT INTO "zz_sys_perm" VALUES(1495250233657921545,1495250233645338624,'编辑','/admin/upms/sysDept/update',2,1495250233473372160,NOW(),1495250233473372160,NOW());
INSERT INTO "zz_sys_perm" VALUES(1495250233657921555,1495250233645338624,'删除','/admin/upms/sysDept/delete',3,1495250233473372160,NOW(),1495250233473372160,NOW());
INSERT INTO "zz_sys_perm" VALUES(1495250233657921557,1495250233645338624,'导入','/admin/upms/sysDept/import',4,1495250233473372160,NOW(),1495250233473372160,NOW());
INSERT INTO "zz_sys_perm" VALUES(1495250233657921558,1495250233645338624,'批量删除','/admin/upms/sysDept/deleteBatch',5,1495250233473372160,NOW(),1495250233473372160,NOW());
INSERT INTO "zz_sys_perm" VALUES(1495250233670504448,1495250233645338624,'显示列表','/admin/upms/sysDept/list',6,1495250233473372160,NOW(),1495250233473372160,NOW());
INSERT INTO "zz_sys_perm" VALUES(1495250233670504451,1495250233645338624,'导出','/admin/upms/sysDept/export',7,1495250233473372160,NOW(),1495250233473372160,NOW());
INSERT INTO "zz_sys_perm" VALUES(1495250233670504454,1495250233645338624,'详情','/admin/upms/sysDept/view',8,1495250233473372160,NOW(),1495250233473372160,NOW());
INSERT INTO "zz_sys_perm" VALUES(1495250233670504456,1495250233645338624,'打印','/admin/upms/sysDept/print',9,1495250233473372160,NOW(),1495250233473372160,NOW());
INSERT INTO "zz_sys_perm" VALUES(1495250233603395584,1495250233582424064,'新增','/admin/upms/sysUser/add',1,1495250233473372160,NOW(),1495250233473372160,NOW());
INSERT INTO "zz_sys_perm" VALUES(1495250233603395597,1495250233582424064,'编辑','/admin/upms/sysUser/update',2,1495250233473372160,NOW(),1495250233473372160,NOW());
INSERT INTO "zz_sys_perm" VALUES(1495250233603395611,1495250233582424064,'删除','/admin/upms/sysUser/delete',3,1495250233473372160,NOW(),1495250233473372160,NOW());
INSERT INTO "zz_sys_perm" VALUES(1495250233603395613,1495250233582424064,'导入','/admin/upms/sysUser/import',4,1495250233473372160,NOW(),1495250233473372160,NOW());
INSERT INTO "zz_sys_perm" VALUES(1495250233603395614,1495250233582424064,'批量删除','/admin/upms/sysUser/deleteBatch',5,1495250233473372160,NOW(),1495250233473372160,NOW());
INSERT INTO "zz_sys_perm" VALUES(1495250233624367104,1495250233582424064,'显示列表','/admin/upms/sysUser/list',6,1495250233473372160,NOW(),1495250233473372160,NOW());
INSERT INTO "zz_sys_perm" VALUES(1495250233624367110,1495250233582424064,'导出','/admin/upms/sysUser/export',7,1495250233473372160,NOW(),1495250233473372160,NOW());
INSERT INTO "zz_sys_perm" VALUES(1495250233624367116,1495250233582424064,'详情','/admin/upms/sysUser/view',8,1495250233473372160,NOW(),1495250233473372160,NOW());
INSERT INTO "zz_sys_perm" VALUES(1495250233624367118,1495250233582424064,'打印','/admin/upms/sysUser/print',9,1495250233473372160,NOW(),1495250233473372160,NOW());
INSERT INTO "zz_sys_perm" VALUES(1495250233632755712,1495250233582424064,'重置密码','/admin/upms/sysUser/resetPassword',10,1495250233473372160,NOW(),1495250233473372160,NOW());
INSERT INTO "zz_sys_perm" VALUES(1495250233523703823,1495250233582424064,'用户管理文件上传','/admin/upms/sysUser/upload',11,1495250233473372160,NOW(),1495250233473372160,NOW());
INSERT INTO "zz_sys_perm" VALUES(1495250233523703822,1495250233582424064,'用户管理文件下载','/admin/upms/sysUser/download',12,1495250233473372160,NOW(),1495250233473372160,NOW());
INSERT INTO "zz_sys_perm" VALUES(1495251349342785562,1495250233582424064,'用户权限资源分配详情','/admin/upms/sysUser/listSysPermWithDetail',13,1495250233473372160,NOW(),1495250233473372160,NOW());
INSERT INTO "zz_sys_perm" VALUES(1495251349342785563,1495250233582424064,'用户权限字分配详情','/admin/upms/sysUser/listSysPermCodeWithDetail',14,1495250233473372160,NOW(),1495250233473372160,NOW());
INSERT INTO "zz_sys_perm" VALUES(1495251349342785564,1495250233582424064,'用户菜单分配详情','/admin/upms/sysUser/listSysMenuWithDetail',15,1495250233473372160,NOW(),1495250233473372160,NOW());
INSERT INTO "zz_sys_perm" VALUES(1495251349342785566,1495251349342785565,'新增','/admin/upms/sysRole/add',1,1495250233473372160,NOW(),1495250233473372160,NOW());
INSERT INTO "zz_sys_perm" VALUES(1495251349342785567,1495251349342785565,'编辑','/admin/upms/sysRole/update',2,1495250233473372160,NOW(),1495250233473372160,NOW());
INSERT INTO "zz_sys_perm" VALUES(1495251349342785568,1495251349342785565,'删除','/admin/upms/sysRole/delete',3,1495250233473372160,NOW(),1495250233473372160,NOW());
INSERT INTO "zz_sys_perm" VALUES(1495251349342785569,1495251349342785565,'显示列表','/admin/upms/sysRole/list',4,1495250233473372160,NOW(),1495250233473372160,NOW());
INSERT INTO "zz_sys_perm" VALUES(1495251349342785570,1495251349342785565,'详情','/admin/upms/sysRole/view',5,1495250233473372160,NOW(),1495250233473372160,NOW());
INSERT INTO "zz_sys_perm" VALUES(1495251349342785571,1495251349342785565,'授权用户','/admin/upms/sysRole/addUserRole',6,1495250233473372160,NOW(),1495250233473372160,NOW());
INSERT INTO "zz_sys_perm" VALUES(1495251349342785572,1495251349342785565,'移除用户','/admin/upms/sysRole/deleteUserRole',7,1495250233473372160,NOW(),1495250233473372160,NOW());
INSERT INTO "zz_sys_perm" VALUES(1495251349342785573,1495251349342785565,'角色用户列表','/admin/upms/sysRole/listUserRole',8,1495250233473372160,NOW(),1495250233473372160,NOW());
INSERT INTO "zz_sys_perm" VALUES(1495251349342785574,1495251349342785565,'角色未添加用户列表','/admin/upms/sysRole/listNotInUserRole',9,1495250233473372160,NOW(),1495250233473372160,NOW());
INSERT INTO "zz_sys_perm" VALUES(1495251349342785575,1495251349342785565,'角色权限资源分配详情','/admin/upms/sysRole/listSysPermWithDetail',10,1495250233473372160,NOW(),1495250233473372160,NOW());
INSERT INTO "zz_sys_perm" VALUES(1495251349342785576,1495251349342785565,'角色权限字分配详情','/admin/upms/sysRole/listSysPermCodeWithDetail',11,1495250233473372160,NOW(),1495250233473372160,NOW());
INSERT INTO "zz_sys_perm" VALUES(1495251349342785578,1495251349342785577,'新增','/admin/upms/sysDataPerm/add',1,1495250233473372160,NOW(),1495250233473372160,NOW());
INSERT INTO "zz_sys_perm" VALUES(1495251349342785579,1495251349342785577,'编辑','/admin/upms/sysDataPerm/update',2,1495250233473372160,NOW(),1495250233473372160,NOW());
INSERT INTO "zz_sys_perm" VALUES(1495251349342785580,1495251349342785577,'删除','/admin/upms/sysDataPerm/delete',3,1495250233473372160,NOW(),1495250233473372160,NOW());
INSERT INTO "zz_sys_perm" VALUES(1495251349342785581,1495251349342785577,'显示列表','/admin/upms/sysDataPerm/list',4,1495250233473372160,NOW(),1495250233473372160,NOW());
INSERT INTO "zz_sys_perm" VALUES(1495251349342785582,1495251349342785577,'详情','/admin/upms/sysDataPerm/view',5,1495250233473372160,NOW(),1495250233473372160,NOW());
INSERT INTO "zz_sys_perm" VALUES(1495251349342785583,1495251349342785577,'授权用户','/admin/upms/sysDataPerm/addDataPermUser',5,1495250233473372160,NOW(),1495250233473372160,NOW());
INSERT INTO "zz_sys_perm" VALUES(1495251349342785584,1495251349342785577,'移除用户','/admin/upms/sysDataPerm/deleteDataPermUser',6,1495250233473372160,NOW(),1495250233473372160,NOW());
INSERT INTO "zz_sys_perm" VALUES(1495251349342785585,1495251349342785577,'数据权限用户列表','/admin/upms/sysDataPerm/listDataPermUser',7,1495250233473372160,NOW(),1495250233473372160,NOW());
INSERT INTO "zz_sys_perm" VALUES(1495251349342785586,1495251349342785577,'数据权限未添加用户列表','/admin/upms/sysDataPerm/listNotInDataPermUser',8,1495250233473372160,NOW(),1495250233473372160,NOW());
INSERT INTO "zz_sys_perm" VALUES(1495251349342785588,1495251349342785587,'新增','/admin/upms/sysMenu/add',1,1495250233473372160,NOW(),1495250233473372160,NOW());
INSERT INTO "zz_sys_perm" VALUES(1495251349342785589,1495251349342785587,'删除','/admin/upms/sysMenu/delete',2,1495250233473372160,NOW(),1495250233473372160,NOW());
INSERT INTO "zz_sys_perm" VALUES(1495251349342785590,1495251349342785587,'编辑','/admin/upms/sysMenu/update',3,1495250233473372160,NOW(),1495250233473372160,NOW());
INSERT INTO "zz_sys_perm" VALUES(1495251349342785591,1495251349342785587,'显示列表','/admin/upms/sysMenu/list',4,1495250233473372160,NOW(),1495250233473372160,NOW());
INSERT INTO "zz_sys_perm" VALUES(1495251349342785592,1495251349342785587,'详情','/admin/upms/sysMenu/view',5,1495250233473372160,NOW(),1495250233473372160,NOW());
INSERT INTO "zz_sys_perm" VALUES(1495251349342785593,1495251349342785587,'菜单权限资源分配详情','/admin/upms/sysMenu/listSysPermWithDetail',6,1495250233473372160,NOW(),1495250233473372160,NOW());
INSERT INTO "zz_sys_perm" VALUES(1495251349342785594,1495251349342785587,'菜单用户分配详情','/admin/upms/sysMenu/listSysUserWithDetail',7,1495250233473372160,NOW(),1495250233473372160,NOW());
INSERT INTO "zz_sys_perm" VALUES(1495251349342785596,1495251349342785595,'新增','/admin/upms/sysPermCode/add',1,1495250233473372160,NOW(),1495250233473372160,NOW());
INSERT INTO "zz_sys_perm" VALUES(1495251349346979840,1495251349342785595,'编辑','/admin/upms/sysPermCode/update',2,1495250233473372160,NOW(),1495250233473372160,NOW());
INSERT INTO "zz_sys_perm" VALUES(1495251349346979841,1495251349342785595,'删除','/admin/upms/sysPermCode/delete',3,1495250233473372160,NOW(),1495250233473372160,NOW());
INSERT INTO "zz_sys_perm" VALUES(1495251349346979842,1495251349342785595,'显示列表','/admin/upms/sysPermCode/list',4,1495250233473372160,NOW(),1495250233473372160,NOW());
INSERT INTO "zz_sys_perm" VALUES(1495251349346979843,1495251349342785595,'详情','/admin/upms/sysPermCode/view',5,1495250233473372160,NOW(),1495250233473372160,NOW());
INSERT INTO "zz_sys_perm" VALUES(1495251349346979844,1495251349342785595,'权限字用户分配详情','/admin/upms/sysPermCode/listSysUserWithDetail',6,1495250233473372160,NOW(),1495250233473372160,NOW());
INSERT INTO "zz_sys_perm" VALUES(1495251349346979845,1495251349342785595,'权限字角色分配详情','/admin/upms/sysPermCode/listSysRoleWithDetail',7,1495250233473372160,NOW(),1495250233473372160,NOW());
INSERT INTO "zz_sys_perm" VALUES(1495251349346979847,1495251349346979846,'新增','/admin/upms/sysPermModule/add',1,1495250233473372160,NOW(),1495250233473372160,NOW());
INSERT INTO "zz_sys_perm" VALUES(1495251349346979848,1495251349346979846,'编辑','/admin/upms/sysPermModule/update',2,1495250233473372160,NOW(),1495250233473372160,NOW());
INSERT INTO "zz_sys_perm" VALUES(1495251349346979849,1495251349346979846,'删除','/admin/upms/sysPermModule/delete',3,1495250233473372160,NOW(),1495250233473372160,NOW());
INSERT INTO "zz_sys_perm" VALUES(1495251349346979850,1495251349346979846,'显示列表','/admin/upms/sysPermModule/list',4,1495250233473372160,NOW(),1495250233473372160,NOW());
INSERT INTO "zz_sys_perm" VALUES(1495251349346979851,1495251349346979846,'显示全部','/admin/upms/sysPermModule/listAll',5,1495250233473372160,NOW(),1495250233473372160,NOW());
INSERT INTO "zz_sys_perm" VALUES(1495251349346979853,1495251349346979852,'新增','/admin/upms/sysPerm/add',1,1495250233473372160,NOW(),1495250233473372160,NOW());
INSERT INTO "zz_sys_perm" VALUES(1495251349346979854,1495251349346979852,'编辑','/admin/upms/sysPerm/update',2,1495250233473372160,NOW(),1495250233473372160,NOW());
INSERT INTO "zz_sys_perm" VALUES(1495251349346979855,1495251349346979852,'删除','/admin/upms/sysPerm/delete',3,1495250233473372160,NOW(),1495250233473372160,NOW());
INSERT INTO "zz_sys_perm" VALUES(1495251349346979856,1495251349346979852,'显示列表','/admin/upms/sysPerm/list',4,1495250233473372160,NOW(),1495250233473372160,NOW());
INSERT INTO "zz_sys_perm" VALUES(1495251349346979857,1495251349346979852,'详情','/admin/upms/sysPerm/view',5,1495250233473372160,NOW(),1495250233473372160,NOW());
INSERT INTO "zz_sys_perm" VALUES(1495251349346979858,1495251349346979852,'权限资源用户分配详情','/admin/upms/sysPerm/listSysUserWithDetail',6,1495250233473372160,NOW(),1495250233473372160,NOW());
INSERT INTO "zz_sys_perm" VALUES(1495251349346979859,1495251349346979852,'权限资源角色分配详情','/admin/upms/sysPerm/listSysRoleWithDetail',7,1495250233473372160,NOW(),1495250233473372160,NOW());
INSERT INTO "zz_sys_perm" VALUES(1495251349346979860,1495251349346979852,'权限资源菜单分配详情','/admin/upms/sysPerm/listSysMenuWithDetail',8,1495250233473372160,NOW(),1495250233473372160,NOW());
INSERT INTO "zz_sys_perm" VALUES(1495251349346979863,1495251349346979862,'显示列表','/admin/upms/sysOperationLog/list',1,1495250233473372160,NOW(),1495250233473372160,NOW());
INSERT INTO "zz_sys_perm" VALUES(1495251349346979865,1495251349346979864,'显示列表','/admin/upms/loginUser/list',1,1495250233473372160,NOW(),1495250233473372160,NOW());
INSERT INTO "zz_sys_perm" VALUES(1495251349346979866,1495251349346979864,'删除','/admin/upms/loginUser/delete',1,1495250233473372160,NOW(),1495250233473372160,NOW());
COMMIT;

-- ----------------------------
-- 全部权限字和权限资源关系数据
-- ----------------------------
BEGIN;
INSERT INTO "zz_sys_perm_code_perm" VALUES(1495251349346979876,1495250233624367104);
INSERT INTO "zz_sys_perm_code_perm" VALUES(1495251349346979876,1495250233624367110);
INSERT INTO "zz_sys_perm_code_perm" VALUES(1495251349346979877,1495250233603395584);
INSERT INTO "zz_sys_perm_code_perm" VALUES(1495251349346979877,1495250233670504448);
INSERT INTO "zz_sys_perm_code_perm" VALUES(1495251349346979877,1495251349342785581);
INSERT INTO "zz_sys_perm_code_perm" VALUES(1495251349346979877,1495251349342785569);
INSERT INTO "zz_sys_perm_code_perm" VALUES(1495251349346979878,1495250233624367116);
INSERT INTO "zz_sys_perm_code_perm" VALUES(1495251349346979878,1495250233603395597);
INSERT INTO "zz_sys_perm_code_perm" VALUES(1495251349346979878,1495250233624367118);
INSERT INTO "zz_sys_perm_code_perm" VALUES(1495251349346979878,1495250233670504448);
INSERT INTO "zz_sys_perm_code_perm" VALUES(1495251349346979878,1495251349342785581);
INSERT INTO "zz_sys_perm_code_perm" VALUES(1495251349346979878,1495251349342785569);
INSERT INTO "zz_sys_perm_code_perm" VALUES(1495251349346979879,1495250233603395611);
INSERT INTO "zz_sys_perm_code_perm" VALUES(1495251349346979880,1495250233632755712);
INSERT INTO "zz_sys_perm_code_perm" VALUES(1495251349346979881,1495251349342785564);
INSERT INTO "zz_sys_perm_code_perm" VALUES(1495251349346979881,1495251349342785563);
INSERT INTO "zz_sys_perm_code_perm" VALUES(1495251349346979881,1495251349342785562);
INSERT INTO "zz_sys_perm_code_perm" VALUES(1495251349346979888,1495250233670504448);
INSERT INTO "zz_sys_perm_code_perm" VALUES(1495251349346979888,1495250233670504451);
INSERT INTO "zz_sys_perm_code_perm" VALUES(1495251349346979889,1495250233657921536);
INSERT INTO "zz_sys_perm_code_perm" VALUES(1495251349346979890,1495250233670504454);
INSERT INTO "zz_sys_perm_code_perm" VALUES(1495251349346979890,1495250233657921545);
INSERT INTO "zz_sys_perm_code_perm" VALUES(1495251349346979890,1495250233670504456);
INSERT INTO "zz_sys_perm_code_perm" VALUES(1495251349346979891,1495250233657921555);
INSERT INTO "zz_sys_perm_code_perm" VALUES(1495251349346979904,1495251349342785569);
INSERT INTO "zz_sys_perm_code_perm" VALUES(1495251349346979906,1495251349342785566);
INSERT INTO "zz_sys_perm_code_perm" VALUES(1495251349346979906,1495251349342785591);
INSERT INTO "zz_sys_perm_code_perm" VALUES(1495251349346979907,1495251349342785570);
INSERT INTO "zz_sys_perm_code_perm" VALUES(1495251349346979907,1495251349342785567);
INSERT INTO "zz_sys_perm_code_perm" VALUES(1495251349346979907,1495251349342785591);
INSERT INTO "zz_sys_perm_code_perm" VALUES(1495251349346979909,1495251349342785576);
INSERT INTO "zz_sys_perm_code_perm" VALUES(1495251349346979909,1495251349342785575);
INSERT INTO "zz_sys_perm_code_perm" VALUES(1495251349346979908,1495251349342785568);
INSERT INTO "zz_sys_perm_code_perm" VALUES(1495251349346979905,1495251349342785573);
INSERT INTO "zz_sys_perm_code_perm" VALUES(1495251349346979910,1495251349342785571);
INSERT INTO "zz_sys_perm_code_perm" VALUES(1495251349346979910,1495251349342785574);
INSERT INTO "zz_sys_perm_code_perm" VALUES(1495251349346979911,1495251349342785572);
INSERT INTO "zz_sys_perm_code_perm" VALUES(1495251349346979923,1495251349342785581);
INSERT INTO "zz_sys_perm_code_perm" VALUES(1495251349346979925,1495251349342785578);
INSERT INTO "zz_sys_perm_code_perm" VALUES(1495251349346979926,1495251349342785582);
INSERT INTO "zz_sys_perm_code_perm" VALUES(1495251349346979926,1495251349342785579);
INSERT INTO "zz_sys_perm_code_perm" VALUES(1495251349346979927,1495251349342785580);
INSERT INTO "zz_sys_perm_code_perm" VALUES(1495251349346979924,1495251349342785585);
INSERT INTO "zz_sys_perm_code_perm" VALUES(1495251349346979928,1495251349342785583);
INSERT INTO "zz_sys_perm_code_perm" VALUES(1495251349346979928,1495251349342785586);
INSERT INTO "zz_sys_perm_code_perm" VALUES(1495251349346979929,1495251349342785584);
INSERT INTO "zz_sys_perm_code_perm" VALUES(1495251349346979937,1495251349342785591);
INSERT INTO "zz_sys_perm_code_perm" VALUES(1495251349346979938,1495251349342785588);
INSERT INTO "zz_sys_perm_code_perm" VALUES(1495251349346979938,1495251349346979842);
INSERT INTO "zz_sys_perm_code_perm" VALUES(1495251349346979939,1495251349342785592);
INSERT INTO "zz_sys_perm_code_perm" VALUES(1495251349346979939,1495251349342785590);
INSERT INTO "zz_sys_perm_code_perm" VALUES(1495251349346979939,1495251349346979842);
INSERT INTO "zz_sys_perm_code_perm" VALUES(1495251349346979940,1495251349342785589);
INSERT INTO "zz_sys_perm_code_perm" VALUES(1495251349346979941,1495251349342785593);
INSERT INTO "zz_sys_perm_code_perm" VALUES(1495251349346979941,1495251349342785594);
INSERT INTO "zz_sys_perm_code_perm" VALUES(1495251349346979949,1495251349346979842);
INSERT INTO "zz_sys_perm_code_perm" VALUES(1495251349346979950,1495251349342785596);
INSERT INTO "zz_sys_perm_code_perm" VALUES(1495251349346979950,1495251349346979851);
INSERT INTO "zz_sys_perm_code_perm" VALUES(1495251349346979951,1495251349346979843);
INSERT INTO "zz_sys_perm_code_perm" VALUES(1495251349346979951,1495251349346979840);
INSERT INTO "zz_sys_perm_code_perm" VALUES(1495251349346979951,1495251349346979851);
INSERT INTO "zz_sys_perm_code_perm" VALUES(1495251349346979952,1495251349346979841);
INSERT INTO "zz_sys_perm_code_perm" VALUES(1495251349346979953,1495251349346979844);
INSERT INTO "zz_sys_perm_code_perm" VALUES(1495251349346979953,1495251349346979845);
INSERT INTO "zz_sys_perm_code_perm" VALUES(1495251349346979964,1495251349346979850);
INSERT INTO "zz_sys_perm_code_perm" VALUES(1495251349346979964,1495251349346979851);
INSERT INTO "zz_sys_perm_code_perm" VALUES(1495251349346979964,1495251349346979856);
INSERT INTO "zz_sys_perm_code_perm" VALUES(1495251349346979965,1495251349346979847);
INSERT INTO "zz_sys_perm_code_perm" VALUES(1495251349346979966,1495251349346979848);
INSERT INTO "zz_sys_perm_code_perm" VALUES(1495251349346979967,1495251349346979849);
INSERT INTO "zz_sys_perm_code_perm" VALUES(1495251349346979968,1495251349346979853);
INSERT INTO "zz_sys_perm_code_perm" VALUES(1495251349346979969,1495251349346979857);
INSERT INTO "zz_sys_perm_code_perm" VALUES(1495251349346979969,1495251349346979854);
INSERT INTO "zz_sys_perm_code_perm" VALUES(1495251349346979970,1495251349346979855);
INSERT INTO "zz_sys_perm_code_perm" VALUES(1495251349346979971,1495251349346979858);
INSERT INTO "zz_sys_perm_code_perm" VALUES(1495251349346979971,1495251349346979859);
INSERT INTO "zz_sys_perm_code_perm" VALUES(1495251349346979971,1495251349346979860);
INSERT INTO "zz_sys_perm_code_perm" VALUES(1495251349346979987,1495251349346979863);
INSERT INTO "zz_sys_perm_code_perm" VALUES(1495251349346979992,1495251349346979865);
INSERT INTO "zz_sys_perm_code_perm" VALUES(1495251349346979993,1495251349346979866);
COMMIT;

-- ----------------------------
-- 全部白名单权限资源数据
-- ----------------------------
BEGIN;
INSERT INTO "zz_sys_perm_whitelist" VALUES ('/admin/upms/login/getLoginInfo','登录模块','获取登录信息');
INSERT INTO "zz_sys_perm_whitelist" VALUES ('/admin/upms/sysRole/listDict','系统管理','角色字典接口');
INSERT INTO "zz_sys_perm_whitelist" VALUES ('/admin/upms/sysRole/listDictByIds','系统管理','角色字典接口');
INSERT INTO "zz_sys_perm_whitelist" VALUES ('/admin/upms/sysDept/listDict','部门管理','部门字典字典列表');
INSERT INTO "zz_sys_perm_whitelist" VALUES ('/admin/upms/sysDept/listDictByIds','部门管理','部门字典字典批量Id列表');
INSERT INTO "zz_sys_perm_whitelist" VALUES ('/admin/upms/sysDept/listDictByParentId','部门管理','部门字典下一级字典列表');
INSERT INTO "zz_sys_perm_whitelist" VALUES ('/admin/upms/login/doLogout','登录模块','退出登陆');
INSERT INTO "zz_sys_perm_whitelist" VALUES ('/admin/upms/login/changePassword','系统管理','修改密码');
INSERT INTO "zz_sys_perm_whitelist" VALUES ('/admin/upms/login/changeHeadImage','系统管理','修改头像');
INSERT INTO "zz_sys_perm_whitelist" VALUES ('/admin/upms/login/downloadHeadImage','系统管理','下载头像');
COMMIT;
